<wsp:Policy xmlns:wsp="http://schemas.xmlsoap.org/ws/2004/09/policy"
            xmlns:throttle="http://www.wso2.org/products/wso2commons/throttle">
    <throttle:ThrottleAssertion>
        <throttle:MaximumConcurrentAccess>10</throttle:MaximumConcurrentAccess>
        <wsp:All>
            <throttle:ID throttle:type="IP">other</throttle:ID>
            <wsp:ExactlyOne>
                <wsp:All>
                    <throttle:MaximumCount>4</throttle:MaximumCount>
                    <throttle:UnitTime>800000</throttle:UnitTime>
                    <throttle:ProhibitTimePeriod wsp:Optional="true">1000</throttle:ProhibitTimePeriod>
                </wsp:All>
                <throttle:IsAllow>true</throttle:IsAllow>
            </wsp:ExactlyOne>
        </wsp:All>
        <wsp:All>
            <throttle:ID throttle:type="IP">10.100.1.150-10.100.1.152</throttle:ID>
            <wsp:ExactlyOne>
                <wsp:All>
                    <throttle:MaximumCount>5</throttle:MaximumCount>
                    <throttle:UnitTime>800000</throttle:UnitTime>
                    <throttle:ProhibitTimePeriod wsp:Optional="true">100000</throttle:ProhibitTimePeriod>
                </wsp:All>
                <throttle:IsAllow>true</throttle:IsAllow>
            </wsp:ExactlyOne>
        </wsp:All>
        <wsp:All>
            <throttle:ID throttle:type="IP">192.168.8.201</throttle:ID>
            <wsp:ExactlyOne>
                <wsp:All>
                    <throttle:MaximumCount>200</throttle:MaximumCount>
                    <throttle:UnitTime>600000</throttle:UnitTime>
                    <throttle:ProhibitTimePeriod wsp:Optional="true"></throttle:ProhibitTimePeriod>
                </wsp:All>
                <throttle:IsAllow>true</throttle:IsAllow>
            </wsp:ExactlyOne>
        </wsp:All>
        <wsp:All>
            <throttle:ID throttle:type="IP">192.168.8.198</throttle:ID>
            <wsp:ExactlyOne>
                <wsp:All>
                    <throttle:MaximumCount>50</throttle:MaximumCount>
                    <throttle:UnitTime>500000</throttle:UnitTime>
                    <throttle:ProhibitTimePeriod wsp:Optional="true"></throttle:ProhibitTimePeriod>
                </wsp:All>
                <throttle:IsAllow>true</throttle:IsAllow>
            </wsp:ExactlyOne>
        </wsp:All>
    </throttle:ThrottleAssertion>
</wsp:Policy>