<!--
  ~  Licensed to the Apache Software Foundation (ASF) under one
  ~  or more contributor license agreements.  See the NOTICE file
  ~  distributed with this work for additional information
  ~  regarding copyright ownership.  The ASF licenses this file
  ~  to you under the Apache License, Version 2.0 (the
  ~  "License"); you may not use this file except in compliance
  ~  with the License.  You may obtain a copy of the License at
  ~
  ~   http://www.apache.org/licenses/LICENSE-2.0
  ~
  ~  Unless required by applicable law or agreed to in writing,
  ~  software distributed under the License is distributed on an
  ~   * "AS IS" BASIS, WITHOUT WARRANTIES OR CONDITIONS OF ANY
  ~  KIND, either express or implied.  See the License for the
  ~  specific language governing permissions and limitations
  ~  under the License.
  -->

<!-- Message splitting and aggregating the responses -->
<definitions xmlns="http://ws.apache.org/ns/synapse">

    <proxy name="SplitAggregateProxy">
        <target>
            <inSequence>
                <iterate expression="//m0:getQuote/m0:request" preservePayload="true"
                         attachPath="//m0:getQuote"
                         xmlns:m0="http://services.samples/xsd">
                    <target>
                        <sequence>
                            <send>
                                <endpoint>
                                    <address
                                        uri="http://localhost:9000/soap/SimpleStockQuoteService"/>
                                </endpoint>
                            </send>
                        </sequence>
                    </target>
                </iterate>
            </inSequence>
            <outSequence>
                <aggregate>
                    <onComplete expression="//m0:getQuoteResponse"
                                xmlns:m0="http://services.samples/xsd">
                        <send/>
                    </onComplete>
                </aggregate>
            </outSequence>
        </target>
    </proxy>
</definitions>