<!--
  ~  Licensed to the Apache Software Foundation (ASF) under one
  ~  or more contributor license agreements.  See the NOTICE file
  ~  distributed with this work for additional information
  ~  regarding copyright ownership.  The ASF licenses this file
  ~  to you under the Apache License, Version 2.0 (the
  ~  "License"); you may not use this file except in compliance
  ~  with the License.  You may obtain a copy of the License at
  ~
  ~   http://www.apache.org/licenses/LICENSE-2.0
  ~
  ~  Unless required by applicable law or agreed to in writing,
  ~  software distributed under the License is distributed on an
  ~   * "AS IS" BASIS, WITHOUT WARRANTIES OR CONDITIONS OF ANY
  ~  KIND, either express or implied.  See the License for the
  ~  specific language governing permissions and limitations
  ~  under the License.
  -->

<!-- Introduction to throttle mediator -->
<definitions xmlns="http://ws.apache.org/ns/synapse">
    <sequence name="main">
        <in>
            <throttle id="A">
                <policy>
                    <!-- define throttle policy -->
                    <wsp:Policy xmlns:wsp="http://schemas.xmlsoap.org/ws/2004/09/policy"
                                xmlns:throttle="http://www.wso2.org/products/wso2commons/throttle">
                        <throttle:ThrottleAssertion>
                            <throttle:MaximumConcurrentAccess>10</throttle:MaximumConcurrentAccess>                            
                        </throttle:ThrottleAssertion>
                    </wsp:Policy>
                </policy>
                <onAccept>
                    <log level="custom">
                        <property name="text" value="**Access Accept**"/>
                    </log>
                    <send>
                        <endpoint>
                            <address uri="http://localhost:9000/soap/SimpleStockQuoteService"/>
                        </endpoint>
                    </send>
                </onAccept>
                <onReject>
                    <log level="custom">
                        <property name="text" value="**Access Denied**"/>
                    </log>
                    <makefault>
                        <code value="tns:Receiver"
                              xmlns:tns="http://www.w3.org/2003/05/soap-envelope"/>
                        <reason value="**Access Denied**"/>
                    </makefault>
                    <property name="RESPONSE" value="true"/>
                    <header name="To" action="remove"/>
                    <send/>
                    <drop/>
                </onReject>
            </throttle>
        </in>
        <out>
            <throttle id="A"/>
            <send/>
        </out>
    </sequence>
</definitions>
