<!--
  ~  Licensed to the Apache Software Foundation (ASF) under one
  ~  or more contributor license agreements.  See the NOTICE file
  ~  distributed with this work for additional information
  ~  regarding copyright ownership.  The ASF licenses this file
  ~  to you under the Apache License, Version 2.0 (the
  ~  "License"); you may not use this file except in compliance
  ~  with the License.  You may obtain a copy of the License at
  ~
  ~   http://www.apache.org/licenses/LICENSE-2.0
  ~
  ~  Unless required by applicable law or agreed to in writing,
  ~  software distributed under the License is distributed on an
  ~   * "AS IS" BASIS, WITHOUT WARRANTIES OR CONDITIONS OF ANY
  ~  KIND, either express or implied.  See the License for the
  ~  specific language governing permissions and limitations
  ~  under the License.
  -->

<!-- Use of both concurrency throttling and request rate based throttling -->
<definitions xmlns="http://ws.apache.org/ns/synapse">

    <registry provider="org.apache.synapse.registry.url.SimpleURLRegistry">
        <!-- the root property of the simple URL registry helps resolve a resource URL as root + key -->
        <parameter name="root">file:repository/</parameter>
        <!-- all resources loaded from the URL registry would be cached for this number of milli seconds -->
        <parameter name="cachableDuration">150000</parameter>
    </registry>

    <sequence name="onAcceptSequence">
        <log level="custom">
            <property name="text" value="**Access Accept**"/>
        </log>
        <send>
            <endpoint>
                <address uri="http://localhost:9000/soap/SimpleStockQuoteService"/>
            </endpoint>
        </send>
    </sequence>
    <sequence name="onRejectSequence" trace="enable">
        <log level="custom">
            <property name="text" value="**Access Denied**"/>
        </log>
        <makefault>
            <code value="tns:Receiver"
                  xmlns:tns="http://www.w3.org/2003/05/soap-envelope"/>
            <reason value="**Access Denied**"/>
        </makefault>
        <property name="RESPONSE" value="true"/>
        <header name="To" action="remove"/>
        <send/>
        <drop/>
    </sequence>
    <proxy name="StockQuoteProxy">
        <target>
             <inSequence>
                <throttle onReject="onRejectSequence" onAccept="onAcceptSequence" id="A">
                    <policy key="conf/sample/resources/policy/throttle_policy.xml"/>
                </throttle>
            </inSequence>
            <outSequence>
                <throttle id="A"/>
                <send/>
            </outSequence>
        </target>
        <publishWSDL uri="file:repository/conf/sample/resources/proxy/sample_proxy_1.wsdl"/>
    </proxy>
</definitions>
