<!--
  ~  Licensed to the Apache Software Foundation (ASF) under one
  ~  or more contributor license agreements.  See the NOTICE file
  ~  distributed with this work for additional information
  ~  regarding copyright ownership.  The ASF licenses this file
  ~  to you under the Apache License, Version 2.0 (the
  ~  "License"); you may not use this file except in compliance
  ~  with the License.  You may obtain a copy of the License at
  ~
  ~   http://www.apache.org/licenses/LICENSE-2.0
  ~
  ~  Unless required by applicable law or agreed to in writing,
  ~  software distributed under the License is distributed on an
  ~   * "AS IS" BASIS, WITHOUT WARRANTIES OR CONDITIONS OF ANY
  ~  KIND, either express or implied.  See the License for the
  ~  specific language governing permissions and limitations
  ~  under the License.
  -->

<!-- HTTP to FIX Proxy Service -->
<definitions xmlns="http://ws.apache.org/ns/synapse">
   <proxy name="FIXProxy">
      <target>
         <endpoint>
            <address uri="fix://localhost:19876?BeginString=FIX.4.0&amp;SenderCompID=SYNAPSE&amp;TargetCompID=EXEC"/>
         </endpoint>
        
         <inSequence>
            <property name="transport.fix.ServiceName" value="FIXProxy" scope="axis2-client" />
            <log level="full"/>
         </inSequence>
             
         <outSequence>
            <log level="full"/>
            <send/>
         </outSequence>            
      </target>

      <parameter name="transport.fix.InitiatorConfigURL">file:/home/hiranya/Desktop/fix-config/synapse-sender.cfg</parameter>
      <parameter name="transport.fix.InitiatorMessageStore">file</parameter>
      <parameter name="transport.fix.SendAllToInSequence">false</parameter>
   </proxy>
</definitions>

