<!--
  ~  Licensed to the Apache Software Foundation (ASF) under one
  ~  or more contributor license agreements.  See the NOTICE file
  ~  distributed with this work for additional information
  ~  regarding copyright ownership.  The ASF licenses this file
  ~  to you under the Apache License, Version 2.0 (the
  ~  "License"); you may not use this file except in compliance
  ~  with the License.  You may obtain a copy of the License at
  ~
  ~   http://www.apache.org/licenses/LICENSE-2.0
  ~
  ~  Unless required by applicable law or agreed to in writing,
  ~  software distributed under the License is distributed on an
  ~   * "AS IS" BASIS, WITHOUT WARRANTIES OR CONDITIONS OF ANY
  ~  KIND, either express or implied.  See the License for the
  ~  specific language governing permissions and limitations
  ~  under the License.
  -->
    
<!-- Introduction to static and dynamic registry resources, and using XSLT transformations -->
<definitions xmlns="http://ws.apache.org/ns/synapse">

    <!-- the SimpleURLRegistry allows access to a URL based registry (e.g. file:/// or http://) -->
    <registry provider="org.apache.synapse.registry.url.SimpleURLRegistry">
        <!-- the root property of the simple URL registry helps resolve a resource URL as root + key -->
        <parameter name="root">file:repository/conf/sample/resources/</parameter>
        <!-- all resources loaded from the URL registry would be cached for this number of milli seconds -->
        <parameter name="cachableDuration">15000</parameter>
    </registry>

    <!-- define the request processing XSLT resource as a static URL source -->
    <localEntry key="xslt-key-req" src="file:repository/conf/sample/resources/transform/transform.xslt"/>

    <in>
        <!-- transform the custom quote request into a standard quote requst expected by the service -->
        <xslt key="xslt-key-req"/>
    </in>
    <out>
        <!-- transform the standard response back into the custom format the client expects -->
	    <!-- the key is looked up in the remote registry and loaded as a 'dynamic' registry resource -->
        <xslt key="transform/transform_back.xslt"/>
    </out>
	<send/>
</definitions> 