<!--
  ~  Licensed to the Apache Software Foundation (ASF) under one
  ~  or more contributor license agreements.  See the NOTICE file
  ~  distributed with this work for additional information
  ~  regarding copyright ownership.  The ASF licenses this file
  ~  to you under the Apache License, Version 2.0 (the
  ~  "License"); you may not use this file except in compliance
  ~  with the License.  You may obtain a copy of the License at
  ~
  ~   http://www.apache.org/licenses/LICENSE-2.0
  ~
  ~  Unless required by applicable law or agreed to in writing,
  ~  software distributed under the License is distributed on an
  ~   * "AS IS" BASIS, WITHOUT WARRANTIES OR CONDITIONS OF ANY
  ~  KIND, either express or implied.  See the License for the
  ~  specific language governing permissions and limitations
  ~  under the License.
  -->

<!-- Writting your own custom mediation in Java -->
<definitions xmlns="http://ws.apache.org/ns/synapse">

    <sequence name="fault">
        <makefault>
            <code value="tns:Receiver" xmlns:tns="http://www.w3.org/2003/05/soap-envelope"/>
            <reason value="Mediation failed."/>
        </makefault>
        <send/>
    </sequence>

    <sequence name="main" onError="fault">
        <in>
            <send>
                <endpoint name="stockquote">
                    <address uri="http://localhost:9000/soap/SimpleStockQuoteService"/>
                </endpoint>
            </send>
        </in>
        <out>
            <class name="samples.mediators.DiscountQuoteMediator">
                <property name="discountFactor" value="10"/>
                <property name="bonusFor" value="5"/>
            </class>
            <send/>
        </out>
    </sequence>

</definitions>

