<!--
  ~  Licensed to the Apache Software Foundation (ASF) under one
  ~  or more contributor license agreements.  See the NOTICE file
  ~  distributed with this work for additional information
  ~  regarding copyright ownership.  The ASF licenses this file
  ~  to you under the Apache License, Version 2.0 (the
  ~  "License"); you may not use this file except in compliance
  ~  with the License.  You may obtain a copy of the License at
  ~
  ~   http://www.apache.org/licenses/LICENSE-2.0
  ~
  ~  Unless required by applicable law or agreed to in writing,
  ~  software distributed under the License is distributed on an
  ~   * "AS IS" BASIS, WITHOUT WARRANTIES OR CONDITIONS OF ANY
  ~  KIND, either express or implied.  See the License for the
  ~  specific language governing permissions and limitations
  ~  under the License.
  -->

<!-- Introduction to Tasks with simple trigger -->
<definitions xmlns="http://ws.apache.org/ns/synapse">

    <task class="org.apache.synapse.startup.tasks.MessageInjector" name="CheckPrice">
        <property name="to" value="http://localhost:9000/soap/SimpleStockQuoteService"/>
        <property name="soapAction" value="urn:getQuote"/>
        <property name="message">
            <m0:getQuote xmlns:m0="http://services.samples/xsd">
                <m0:request>
                    <m0:symbol>IBM</m0:symbol>
                </m0:request>
            </m0:getQuote>
        </property>
        <trigger interval="5"/>
    </task>

    <in>
        <send/>
    </in>
    <out>
        <log level="custom">
            <property name="Stock_Quote_on" expression="//ns:return/ns:lastTradeTimestamp/child::text()" xmlns:ns="http://services.samples/xsd"/>
            <property name="For_the_organization" expression="//ns:return/ns:name/child::text()" xmlns:ns="http://services.samples/xsd"/>
            <property name="Last_Value" expression="//ns:return/ns:last/child::text()" xmlns:ns="http://services.samples/xsd"/>
        </log>
    </out>

</definitions>