<!--
  ~  Licensed to the Apache Software Foundation (ASF) under one
  ~  or more contributor license agreements.  See the NOTICE file
  ~  distributed with this work for additional information
  ~  regarding copyright ownership.  The ASF licenses this file
  ~  to you under the Apache License, Version 2.0 (the
  ~  "License"); you may not use this file except in compliance
  ~  with the License.  You may obtain a copy of the License at
  ~
  ~   http://www.apache.org/licenses/LICENSE-2.0
  ~
  ~  Unless required by applicable law or agreed to in writing,
  ~  software distributed under the License is distributed on an
  ~   * "AS IS" BASIS, WITHOUT WARRANTIES OR CONDITIONS OF ANY
  ~  KIND, either express or implied.  See the License for the
  ~  specific language governing permissions and limitations
  ~  under the License.
  -->

<!-- TODO: Find the topic -->
<definitions xmlns="http://ws.apache.org/ns/synapse">

    <!-- the SimpleURLRegistry allows access to a URL based registry (e.g. file:/// or http://) -->
    <registry provider="org.apache.synapse.registry.url.SimpleURLRegistry">
        <!-- the root property of the simple URL registry helps resolve a resource URL as root + key -->
        <parameter name="root">file:repository/conf/sample/resources/</parameter>
        <!-- all resources loaded from the URL registry would be cached for this number of milli seconds -->
        <parameter name="cachableDuration">15000</parameter>
    </registry>

    <proxy name="StockQuoteProxy">
        <target>
            <inSequence>
                <send>
                    <endpoint>
                        <address uri="http://localhost:9000/soap/SimpleStockQuoteService"/>
                    </endpoint>
                </send>
            </inSequence>
            <outSequence>
                <out>
                    <xquery key="xquery/xquery_commisson.xq">
                        <variable name="payload" type="ELEMENT"></variable>
                            <variable name="commission" type="ELEMENT" key="misc/commission.xml"></variable>
                    </xquery>
                    <send/>
                </out>
            </outSequence>
        </target>
        <publishWSDL uri="file:repository/conf/sample/resources/proxy/sample_proxy_1.wsdl"/>
    </proxy>

</definitions>