<!--
  ~  Licensed to the Apache Software Foundation (ASF) under one
  ~  or more contributor license agreements.  See the NOTICE file
  ~  distributed with this work for additional information
  ~  regarding copyright ownership.  The ASF licenses this file
  ~  to you under the Apache License, Version 2.0 (the
  ~  "License"); you may not use this file except in compliance
  ~  with the License.  You may obtain a copy of the License at
  ~
  ~   http://www.apache.org/licenses/LICENSE-2.0
  ~
  ~  Unless required by applicable law or agreed to in writing,
  ~  software distributed under the License is distributed on an
  ~   * "AS IS" BASIS, WITHOUT WARRANTIES OR CONDITIONS OF ANY
  ~  KIND, either express or implied.  See the License for the
  ~  specific language governing permissions and limitations
  ~  under the License.
  -->

<!-- Switching from ftp transport listener to mail transport sender -->

<definitions xmlns="http://ws.apache.org/ns/synapse">
  <proxy name="StockQuoteProxy" transports="vfs">
    <parameter name="transport.vfs.FileURI">vfs:ftp://guest:guest@localhost/test?vfs.passive=true</parameter> <!--CHANGE-->
    <parameter name="transport.vfs.ContentType">text/xml</parameter>
    <parameter name="transport.vfs.FileNamePattern">.*\.xml</parameter>
    <parameter name="transport.PollInterval">15</parameter>
    
    <target>
      <inSequence>
        <header name="Action" value="urn:getQuote"/>
      </inSequence>                        
      <endpoint>
        <address uri="http://localhost:9000/soap/SimpleStockQuoteService"/>
      </endpoint>
      <outSequence>
        <property action="set" name="OUT_ONLY" value="true"/>
        <send>
          <endpoint>
            <address uri="mailto:user@host"/> <!--CHANGE-->
          </endpoint>                                        
        </send>
      </outSequence>
    </target>
    <publishWSDL uri="file:repository/conf/sample/resources/proxy/sample_proxy_1.wsdl"/>
  </proxy>
</definitions>